{
"Profiles": [
{
  "Ansi 7 Color (Light)" : {
    "Red Component" : 0.87367779016494751,
    "Color Space" : "Calibrated",
    "Blue Component" : 0.92620980739593506,
    "Alpha Component" : 1,
    "Green Component" : 0.8916594386100769
  },
  "Ansi 15 Color (Light)" : {
    "Red Component" : 0.90727746486663818,
    "Color Space" : "Calibrated",
    "Blue Component" : 0.94574689865112305,
    "Alpha Component" : 1,
    "Green Component" : 0.92092084884643555
  },
  "Ansi 2 Color (Light)" : {
    "Red Component" : 0.57605421543121338,
    "Color Space" : "Calibrated",
    "Blue Component" : 0.47597441077232361,
    "Alpha Component" : 1,
    "Green Component" : 0.7002110481262207
  },
  "Bold Color" : {
    "Red Component" : 0.062745101749897003,
    "Color Space" : "sRGB",
    "Blue Component" : 0.062745101749897003,
    "Alpha Component" : 1,
    "Green Component" : 0.062745101749897003
  },
  "Ansi 1 Color (Dark)" : {
    "Red Component" : 0.68855589628219604,
    "Color Space" : "Calibrated",
    "Blue Component" : 0.34168937802314758,
    "Alpha Component" : 1,
    "Green Component" : 0.29435792565345764
  },
  "Use Bright Bold" : true,
  "Ansi 9 Color (Light)" : {
    "Red Component" : 0.68855589628219604,
    "Color Space" : "Calibrated",
    "Blue Component" : 0.34168937802314758,
    "Alpha Component" : 1,
    "Green Component" : 0.29435792565345764
  },
  "Ansi 8 Color (Dark)" : {
    "Red Component" : 0.23306176066398621,
    "Color Space" : "Calibrated",
    "Blue Component" : 0.34064260125160217,
    "Alpha Component" : 1,
    "Green Component" : 0.2652154266834259
  },
  "Background Color" : {
    "Red Component" : 0.97999999999999998,
    "Color Space" : "sRGB",
    "Blue Component" : 0.97999999999999998,
    "Alpha Component" : 1,
    "Green Component" : 0.97999999999999998
  },
  "Columns" : 80,
  "Ansi 8 Color" : {
    "Red Component" : 0.40781760215759277,
    "Color Space" : "sRGB",
    "Blue Component" : 0.4078223705291748,
    "Alpha Component" : 1,
    "Green Component" : 0.40782788395881653
  },
  "Right Option Key Sends" : 0,
  "Ansi 4 Color (Light)" : {
    "Red Component" : 0.43401443958282471,
    "Color Space" : "Calibrated",
    "Blue Component" : 0.70459425449371338,
    "Alpha Component" : 1,
    "Green Component" : 0.56080448627471924
  },
  "Blinking Cursor" : true,
  "Space" : 0,
  "Selected Text Color (Light)" : {
    "Red Component" : 0.81214714050292969,
    "Color Space" : "Calibrated",
    "Blue Component" : 0.89225924015045166,
    "Alpha Component" : 1,
    "Green Component" : 0.83857882022857666
  },
  "Selected Text Color (Dark)" : {
    "Red Component" : 0.81214714050292969,
    "Color Space" : "Calibrated",
    "Blue Component" : 0.89225924015045166,
    "Alpha Component" : 1,
    "Green Component" : 0.83857882022857666
  },
  "Cursor Type" : 2,
  "Keyboard Map" : {

  },
  "Open Toolbelt" : true,
  "Ansi 3 Color (Dark)" : {
    "Red Component" : 0.89902019500732422,
    "Color Space" : "Calibrated",
    "Blue Component" : 0.47280269861221313,
    "Alpha Component" : 1,
    "Green Component" : 0.75577855110168457
  },
  "Visual Bell" : true,
  "Only The Default BG Color Uses Transparency" : false,
  "Cursor Text Color" : {
    "Red Component" : 1,
    "Color Space" : "sRGB",
    "Blue Component" : 1,
    "Alpha Component" : 1,
    "Green Component" : 1
  },
  "Scrollback Lines" : 1000,
  "Selection Color (Light)" : {
    "Red Component" : 0.23306176066398621,
    "Color Space" : "Calibrated",
    "Blue Component" : 0.34064260125160217,
    "Alpha Component" : 1,
    "Green Component" : 0.2652154266834259
  },
  "Ansi 0 Color" : {
    "Red Component" : 0.078431375324726105,
    "Color Space" : "sRGB",
    "Blue Component" : 0.11764705926179886,
    "Alpha Component" : 1,
    "Green Component" : 0.098039217293262482
  },
  "Match Background Color (Dark)" : {
    "Red Component" : 0.99697142839431763,
    "Color Space" : "P3",
    "Blue Component" : 0.32116127014160156,
    "Alpha Component" : 1,
    "Green Component" : 0.98600882291793823
  },
  "Ansi 11 Color (Light)" : {
    "Red Component" : 0.89902019500732422,
    "Color Space" : "Calibrated",
    "Blue Component" : 0.47280269861221313,
    "Alpha Component" : 1,
    "Green Component" : 0.75577855110168457
  },
  "Ansi 5 Color (Dark)" : {
    "Red Component" : 0.64283657073974609,
    "Color Space" : "Calibrated",
    "Blue Component" : 0.61571133136749268,
    "Alpha Component" : 1,
    "Green Component" : 0.47487166523933411
  },
  "Cursor Text Color (Light)" : {
    "Red Component" : 0.17621420323848724,
    "Color Space" : "Calibrated",
    "Blue Component" : 0.25300124287605286,
    "Alpha Component" : 1,
    "Green Component" : 0.19692185521125793
  },
  "Silence Bell" : false,
  "Rows" : 25,
  "Draw Powerline Glyphs" : true,
  "Guid" : "F66FCB1D-377C-4DAE-95B5-F8CC49E66EAF",
  "Ansi 14 Color (Dark)" : {
    "Red Component" : 0.49344515800476074,
    "Color Space" : "Calibrated",
    "Blue Component" : 0.67779052257537842,
    "Alpha Component" : 1,
    "Green Component" : 0.68614721298217773
  },
  "Ansi 15 Color (Dark)" : {
    "Red Component" : 0.90727746486663818,
    "Color Space" : "Calibrated",
    "Blue Component" : 0.94574689865112305,
    "Alpha Component" : 1,
    "Green Component" : 0.92092084884643555
  },
  "Ansi 0 Color (Dark)" : {
    "Red Component" : 0.17621420323848724,
    "Color Space" : "Calibrated",
    "Blue Component" : 0.25300124287605286,
    "Alpha Component" : 1,
    "Green Component" : 0.19692185521125793
  },
  "Ambiguous Double Width" : false,
  "Option Key Sends" : 0,
  "Ansi 3 Color" : {
    "Red Component" : 0.78058648109436035,
    "Color Space" : "sRGB",
    "Blue Component" : 0,
    "Alpha Component" : 1,
    "Green Component" : 0.76959484815597534
  },
  "Window Type" : 1,
  "BM Growl" : true,
  "Prompt Before Closing 2" : false,
  "Command" : "",
  "Selected Text Color" : {
    "Red Component" : 0,
    "Color Space" : "sRGB",
    "Blue Component" : 0,
    "Alpha Component" : 1,
    "Green Component" : 0
  },
  "Ansi 14 Color (Light)" : {
    "Red Component" : 0.49344515800476074,
    "Color Space" : "Calibrated",
    "Blue Component" : 0.67779052257537842,
    "Alpha Component" : 1,
    "Green Component" : 0.68614721298217773
  },
  "Cursor Guide Color (Dark)" : {
    "Red Component" : 0.17621420323848724,
    "Color Space" : "Calibrated",
    "Blue Component" : 0.25300124287605286,
    "Alpha Component" : 1,
    "Green Component" : 0.19692185521125793
  },
  "Blend" : 0.10263813405797101,
  "ASCII Ligatures" : true,
  "Send Code When Idle" : false,
  "Ansi 6 Color" : {
    "Red Component" : 0,
    "Color Space" : "sRGB",
    "Blue Component" : 0.78166204690933228,
    "Alpha Component" : 1,
    "Green Component" : 0.77425903081893921
  },
  "Jobs to Ignore" : [
    "rlogin",
    "ssh",
    "slogin",
    "telnet"
  ],
  "Badge Color (Dark)" : {
    "Red Component" : 0.20252507925033569,
    "Color Space" : "Calibrated",
    "Blue Component" : 0.29600727558135986,
    "Alpha Component" : 0.7057952880859375,
    "Green Component" : 0.23046499490737915
  },
  "Cursor Color" : {
    "Red Component" : 0,
    "Color Space" : "sRGB",
    "Blue Component" : 0,
    "Alpha Component" : 1,
    "Green Component" : 0
  },
  "Vertical Spacing" : 1,
  "Disable Window Resizing" : true,
  "Close Sessions On End" : true,
  "Selection Color (Dark)" : {
    "Red Component" : 0.23306176066398621,
    "Color Space" : "Calibrated",
    "Blue Component" : 0.34064260125160217,
    "Alpha Component" : 1,
    "Green Component" : 0.2652154266834259
  },
  "Default Bookmark" : "No",
  "Timestamps Visible" : true,
  "Foreground Color (Light)" : {
    "Red Component" : 0.81214725971221924,
    "Color Space" : "Calibrated",
    "Blue Component" : 0.89225912094116211,
    "Alpha Component" : 1,
    "Green Component" : 0.83857882022857666
  },
  "Custom Command" : "No",